<?xml version="1.0" encoding="utf-8" ?>
<dwsync>
<file name="style.css" server="C:/wamp/www/slot/" local="130003193008982032" remote="130003193000000000" Dst="-1" />
<file name="index.php" server="C:/wamp/www/slot/" local="130004213591882595" remote="130004213590000000" Dst="-1" />
<file name="sausage.png" server="C:/wamp/www/slot/" local="130003170882146449" remote="130003170880000000" Dst="-1" />
<file name="dead.png" server="C:/wamp/www/slot/" local="130003209865636178" remote="130003209860000000" Dst="-1" />
<file name="eye.png" server="C:/wamp/www/slot/" local="130003170882106447" remote="130003170880000000" Dst="-1" />
<file name="splat.png" server="C:/wamp/www/slot/" local="130003170882196452" remote="130003170880000000" Dst="-1" />
<file name="7.png" server="C:/wamp/www/slot/" local="130003204569083232" remote="130003204560000000" Dst="-1" />
<file name="switch.php" server="C:/wamp/www/slot/" local="130004214010000000" remote="130004214010000000" Dst="-1" />
</dwsync>